,index,RNA Base,RNA 4,RNA 12,RNA EOT,RNA EF,predicted label,true label
0,408,-1.5838654123045834,-1.0152677870121005,-0.6669108845939022,-0.8563201993125028,-0.174243533711228,1,1
1,406,-0.7307153344553508,0.8627718292005443,0.9180154822490174,0.03306171390511367,-1.0944737539752964,1,1
2,507,-0.06117450844986157,-1.4746476827367592,1.3269475427357416,1.5558365003875736,-0.5011394331327064,4,4
3,662,-1.5261594882484553,-0.492650528685015,-0.9784354070559882,-1.1028791857330915,-1.1156479924552756,1,4
4,395,1.0993124066976296,0.5133775784218826,0.18707337625502451,1.5279459183305202,0.13595171700694142,1,1
5,50,-0.39398786768947835,1.5440759175012164,-0.9784354070559882,-1.1028791857330915,-1.1156479924552756,1,4
6,493,-1.2299938759895457,-0.03188148257048052,-0.9784354070559882,-1.1028791857330915,-1.1156479924552756,1,4
7,36,0.1946326157429512,1.527567955586575,1.380146299580069,-0.11354555499214179,-0.39821297743765666,4,1
8,31,-1.1387436325571578,-0.3352719277193696,-0.6530203206362436,-0.07877841654579978,-0.5001829585508258,1,4
9,224,0.41528520408251096,-0.8881537828899642,-0.16271112061675264,0.2872279146157897,0.5235611584900774,4,1
10,87,1.4260080576613337,1.5383736574542308,-0.9784354070559882,-1.1028791857330915,-1.1156479924552756,1,1
11,398,-1.2607662829183857,1.4893514842783009,-0.7367943419093611,0.7517969521872148,0.4346165536711013,1,1
12,159,0.6998533575287498,-0.7659597987894465,0.5977413399520304,-0.3165276475479032,1.7329065321913404,4,4
13,691,0.22159120544514072,-0.052440908340643334,-0.9784354070559882,-1.1028791857330915,-1.1156479924552756,1,4
14,657,0.5341542816894888,0.9094176111269974,-0.45417594617387097,1.6048324403499918,-0.4806053548059546,1,1
15,479,1.2781885135683424,-0.8306834174400706,1.4373109276048097,-0.6049053822595222,0.4670651421437989,4,4
16,661,-1.4977717617768926,-0.977126842326965,-0.3034361202887298,0.4040989291544948,0.15971295563555019,1,4
17,345,-0.5414926116753758,-0.12384323838026283,0.7662107465098764,1.0733511222069785,-0.4990080763872559,4,1
18,455,0.14969698983654253,-1.1184344568404154,0.41750117431831224,0.8925551523681801,-0.19437092205828252,4,4
19,257,-1.522980842919304,-1.5878863672365235,0.7735382610225081,-1.028877240217815,-0.7226084866135889,4,1
20,677,0.6101213977987174,-1.127724231486498,-0.6927691658762918,1.177408984912405,1.890615634410796,4,1
21,213,-1.4978274786100065,0.19889820656856697,0.6617060349755094,1.4292119639751848,-0.19527467756872088,4,1
22,572,0.966661770419914,-1.1701621015523562,0.6460094640240769,-0.6880938286733834,1.4749671782163096,4,4
23,626,1.0186678624484842,-1.464454285992408,-0.344450171907041,-1.0439280318722899,0.5160260969217976,4,4
24,362,1.0646843949173037,1.1110521158726299,0.7913613134065358,-0.5923738381588431,-0.9267179029981344,1,4
25,478,-0.40580540799294923,-0.6084813947860819,-0.5236988697456559,1.3878194327929538,0.25772147509463117,1,4
26,209,1.6383671953918806,0.8205794206598874,-0.9784354070559882,-1.1028791857330915,-1.1156479924552756,1,1
27,320,1.4794070705177529,1.5343167988399138,-0.9351146071332448,0.2887272855163872,0.15277286644497556,1,4
28,4,-1.290936948049595,1.431131247355814,0.8957825680557931,-0.8625992906474924,1.9202136273776527,4,1
29,687,-0.6461817552548508,-0.886370815108007,-0.9784354070559882,-1.1028791857330915,-1.1156479924552756,1,1
30,91,1.3476952628780074,-0.36413118989661597,0.3513966447606206,-0.22830070602645036,0.5364434401617844,4,4
31,295,1.1983574350826607,-0.49622725376652066,-0.06728317990691658,-0.20481309892368954,1.6355268759416062,4,4
32,202,-0.034059911614952976,-0.5810220725163027,-0.9784354070559882,-1.1028791857330915,-1.1156479924552756,1,4
33,347,-0.5251146485815273,-0.7975838748494556,-0.6269483897279732,-0.2854252151352551,0.523832285143209,1,1
34,384,-1.1055085416046806,0.7760510815607209,-0.804811703273767,0.37606754323114155,0.9840170597625062,1,1
35,413,1.663721140300388,-0.20535534640290126,-0.3064071853986351,1.0601688359134005,0.3209768295293967,4,4
36,665,-0.23521160836462676,1.5490310034550068,-0.22205564248055853,0.5943363690551775,-0.19926626440649034,1,4
37,77,-0.18833425082419658,-1.312351759128893,-0.9784354070559882,-1.1028791857330915,-1.1156479924552756,1,4
38,17,1.556652887946947,-0.7388942939117485,0.5680373654037858,0.3483139595304878,-0.05031229369440647,4,1
39,331,-0.2394906611477789,-1.0858393241971922,-0.5249340316452795,0.041627916689999385,1.821719339331711,1,1
40,22,-0.019099941923854738,1.522464513765905,0.4787451748872149,1.6685747311748855,1.4648790073310414,1,4
41,250,-1.0108038545192273,-0.9344704845298836,0.37875381169958044,-0.5074044131117849,1.9256964108076453,1,4
42,114,-1.3804822563886956,1.0520739153393566,-0.08479243440293176,-0.5929218315844422,-0.8325578757543368,1,1
43,435,1.4708517507931043,-0.48872044690239536,-0.9784354070559882,-1.1028791857330915,-1.1156479924552756,1,4
44,229,0.15787900677932754,0.878330313567154,-0.947048941703932,1.7701628179552162,-0.8501848738558452,1,4
45,83,0.8583371034797531,1.0390266911921147,0.1909758202027541,-0.8181851846046665,1.395881039757032,4,4
46,80,-1.4085663261197872,0.05921441445260247,0.9781177926296194,-0.26422471948239046,0.145881730677883,4,1
47,360,-0.19894273584909455,1.2974545191587885,-0.5424332713150816,-0.4309821633001123,1.8897758949156804,1,4
48,274,0.2051881697763909,-1.1923858104109724,0.982080325534628,-0.7246191126935225,0.010969861209235278,4,4
49,76,-1.5771793923309083,-0.2874500883754682,-0.9784354070559882,-1.1028791857330915,-1.1156479924552756,1,1
50,84,0.3266536518064792,0.19561819322082122,0.5645455293307959,0.6326197986491136,1.4788119047836328,4,4
51,644,-0.15911355769758032,-1.418294032357562,0.8605837921919259,-0.010256405286514074,1.6535530327268915,4,4
52,308,-0.0693286669760896,-0.7275356292675403,0.8810774648994639,1.9596619889353002,-0.7710686102128863,4,1
53,656,0.4407143667157223,1.0578463072506854,1.1426680638627138,0.07197685814244877,1.866470299690251,4,4
54,151,0.17843016067341166,-0.8261653069487268,0.6071419234907871,-0.06913144894931587,1.6108053970831566,4,1
55,205,1.5606059972563824,-0.8820631002096929,1.5071443107892026,-0.2721554021139772,1.4858687290609724,4,1
56,279,-0.20043316113489298,-1.1210077567859331,-0.9784354070559882,-1.1028791857330915,-1.1156479924552756,1,4
57,663,-1.0366787518173504,0.8398306174221088,1.7005706642702536,-0.8402571420246296,-0.8553174520255431,4,4
58,348,-0.003006134678887416,-0.3130751926547317,-0.05616338453490007,1.2164078503675397,-0.4367694469017336,1,4
59,6,0.03857533787406087,-0.7502475637971613,-0.6990718298397764,1.4524636294641462,-0.6067583271192705,1,1
60,339,1.4616751883792352,0.8569158185278831,-0.7226567455717778,-0.7521633933496765,-0.37908348580004453,1,1
61,640,0.5008467588539635,1.2777501626577337,0.6774827245366472,1.7763924376615057,-0.3396533860092105,1,4
62,463,-0.05115662185597158,1.547315470157995,-0.9784354070559882,-1.1028791857330915,-1.1156479924552756,1,4
63,222,0.3211014693866731,0.0783496239007178,-0.49075342977975056,0.5255860272018922,-0.38457380052595763,1,1
64,513,0.10968116029409651,-1.1946111484141715,-0.9784354070559882,-1.1028791857330915,-1.1156479924552756,1,4
65,387,1.3842037177759297,-0.6961300409387544,-0.9784354070559882,-1.1028791857330915,-1.1156479924552756,1,1
66,447,0.6630774618318805,1.2030678192703685,1.6703826397883728,-0.8164080114813694,-0.723647805450593,4,4
67,60,0.5575442082307291,0.6034619581707842,1.6403381611488805,0.6199246176227348,1.3561948759049072,4,1
68,469,0.9792844189618816,1.477928082528545,0.5423560127178287,1.5099268289540502,-1.0106579616780582,1,4
69,431,-1.026368351849612,1.0195597040780677,-0.9784354070559882,-1.1028791857330915,-1.1156479924552756,1,4
70,386,1.64191635766124,-1.0657249660276693,1.14724483944213,-0.983359536303991,1.3159062083791566,4,1
71,330,0.7085423976528719,0.7639263611675324,0.12324888879852988,-0.968948070312715,1.7173694687077208,4,4
72,420,-0.7778406319031381,0.8324586795278744,-0.9784354070559882,-1.1028791857330915,-1.1156479924552756,1,4
73,192,0.64459618828798,0.18990514365624436,1.7230305811909763,-0.839412318826831,0.43365254779330037,4,4
74,39,0.8940070200393102,1.4956390756546127,-0.9080779146331062,-0.5843784618589565,-0.46733521139435125,1,1
75,414,0.48433507536064146,-0.46190040354989875,1.493130230641582,-0.9596397930973305,0.46833416550637275,4,4
76,172,-1.3588975552403475,-0.8803340800156921,1.5859743461884215,-0.6675859358223176,1.9254817688739163,4,1
77,323,0.06353647910911492,0.6652751044511634,-0.9784354070559882,-1.1028791857330915,-1.1156479924552756,1,1
78,292,0.7046617202264845,1.1608214631417553,0.9372573016799101,-0.026825595391086435,-0.11505131342547498,1,1
79,168,-1.2250322920007475,-1.5825752272022215,0.38832130900855655,0.08937564940521973,-0.8523764809686583,4,4
80,107,-0.08672067643261219,-0.13982521131232983,0.6156912468014248,0.2218835041229987,0.2188110347222992,4,4
81,243,-0.35223367295387675,-0.6854726949379787,-0.9481772787906152,0.4492817481971194,-0.23309308003260645,1,4
82,529,-0.4923141489273391,1.643458164034394,1.6466374868369607,0.5835096933896955,0.1658396648667303,4,1
83,568,0.5232059239825956,0.19361943508703866,-0.5291202290023821,0.5397234964803685,1.0458264053805704,4,4
84,553,0.11864321290047697,0.5236842651009422,0.21014085929934576,1.2807818558358324,0.1313162043679846,1,1
85,25,1.0368621943018477,1.0959710676594339,1.545484403808599,-0.43669803916990274,-0.20591263305617252,4,4
86,7,0.832952514313033,0.34802822133568734,-0.9784354070559882,-1.1028791857330915,-1.1156479924552756,1,4
87,489,1.5488079578445013,-1.2231710014782602,-0.9784354070559882,-1.1028791857330915,-1.1156479924552756,1,1
88,275,-0.6698112641784812,0.39876592780862913,1.1540916422965297,0.2093062939035197,-0.2613166114940047,4,1
89,660,-0.9135863382603343,1.0066257698655343,-0.9784354070559882,-1.1028791857330915,-1.1156479924552756,1,1
90,518,1.1257416864852365,-1.563208043125894,-0.8009860396603384,-0.09926347633746561,1.442424448544608,4,1
91,195,-1.5456743090466196,1.4724550997303738,-0.9784354070559882,-1.1028791857330915,-1.1156479924552756,4,1
92,437,-1.2218202165717276,1.0883455761018046,-0.9784354070559882,-1.1028791857330915,-1.1156479924552756,1,1
93,558,-1.5825672100930281,-0.5053983437190992,1.2173119019048302,0.17054717557208435,1.6812832643055087,4,1
94,452,1.5129876058355365,-0.0985337274905439,1.1375605024940003,0.26706251765572336,1.6077025031639849,4,1
95,242,1.441143535376741,0.36114827472667027,-0.7586500309818894,0.46359427093099553,1.6008000704530119,4,1
96,14,-0.4874333543465562,-0.9296745439605646,1.58205521086367,0.33224709673271463,0.07107713394930715,4,1
97,23,0.41778967573098347,0.6288874563746092,0.20970354522137094,-0.7187395998980323,1.272386614903589,4,4
98,612,1.4096663105090093,1.3188420404040813,-0.9784354070559882,-1.1028791857330915,-1.1156479924552756,1,4
99,316,1.4402520660469176,-0.2457243264706337,1.1439399467917857,1.9688142402447848,1.3299897317501546,1,1
100,450,1.078850399736528,0.8724796976532885,-0.9784354070559882,-1.1028791857330915,-1.1156479924552756,1,1
101,298,-0.9544017043579657,0.30500232256110493,1.30330921459727,1.5086481776276524,-0.3969816105546844,4,1
102,344,-1.1328153615138323,1.3009206516849836,-0.9784354070559882,-1.1028791857330915,-1.1156479924552756,1,4
103,544,-0.0522403142600381,1.0694288543849124,-0.9784354070559882,-1.1028791857330915,-1.1156479924552756,1,4
104,69,-1.1618354740412384,-0.9678883178894411,-0.9784354070559882,-1.1028791857330915,-1.1156479924552756,1,4
105,525,-1.0827816453774963,1.0517205586382423,0.7960348989726791,1.3892541100252516,-0.019870795584474066,4,4
106,18,-1.543116906406689,-0.030845688881718708,1.6580510504445634,-0.10227363466836059,-0.6676639172268962,4,1
107,438,-0.2822700456126773,-1.1377503907081845,-0.5410579018484737,1.8891078353894177,0.6844559988838282,4,4
108,215,0.01691541900100895,-0.08920618953289197,-0.9784354070559882,-1.1028791857330915,-1.1156479924552756,1,1
109,570,0.4487153039508869,0.8943743262253708,0.4695849471775742,0.09645770332910793,0.8298551979215212,4,4
110,63,-0.24257737370229226,0.2683880946151341,1.0455943533785146,1.5410901495250984,1.5591896604932454,4,1
111,217,-1.2295314262746997,1.1963270681552234,-0.9784354070559882,-1.1028791857330915,-1.1156479924552756,1,4
112,46,0.22837751571842102,-0.9588520969067534,1.3914196556206875,1.0018722297553977,1.0055302065588996,4,1
113,509,-0.4445369645321185,-1.450991665417902,-0.38223611120930906,0.9592961849942687,1.0617475649561263,4,1
114,534,-0.8199179842708006,-0.30983024523915764,0.7745096991651851,-0.6299304153618804,-0.3134369449105775,4,4
115,607,-0.8840675600765584,-1.3474365729563014,-0.9286850887043935,-0.32722493587678536,0.25647504561981826,1,4
116,552,0.963959504013887,1.3491794664913315,0.4291884765090747,0.5636639592612286,-0.2898413947922157,1,4
117,671,-1.3043201313635682,0.4734212974020162,1.066341735016786,-0.560030809518797,0.44967914551174076,4,4
118,93,-1.2906472205174024,-0.5395849302070346,0.3790442416597622,-1.057593617923167,1.2893094368365474,1,1
119,634,0.2700759936209086,1.4252374733715834,0.7269426129280602,0.273269304302613,0.7456854347160278,1,4
120,611,1.4176533185358955,0.12282401541192804,-0.9784354070559882,-1.1028791857330915,-1.1156479924552756,1,1
121,100,0.22948349485573313,-1.4757751873250466,0.056439983130512364,0.4322520913946478,-0.20174406076427553,4,1
122,111,0.8079300845615536,-0.870550684939809,-0.9784354070559882,-1.1028791857330915,-1.1156479924552756,1,4
123,605,-0.24003111442898428,1.1095712545832281,1.037769435830629,0.2874524396998894,1.8404647348773868,4,1
124,16,0.00824309392682109,-0.4750690097700424,0.10098593012666615,1.6243394840973595,1.4395060713754841,4,1
125,324,-0.2772694598406994,-0.37460781147773803,-0.7580791858877391,-0.7639490575099569,-0.654374945575492,1,1
126,373,0.3263722817992537,0.2262469362830357,-0.27913681362018933,0.21411645841711166,1.495584100798185,4,4
127,453,-1.0875900080752312,-1.0527128078125991,-0.9784354070559882,-1.1028791857330915,-1.1156479924552756,1,4
128,98,1.4285543169346417,-1.0652879905652228,0.2304475885842381,-0.8663439123890861,-0.22308022210654135,4,4
129,411,-0.30111905025512997,-0.8060914094701711,-0.9784354070559882,-1.1028791857330915,-1.1156479924552756,1,4
130,96,0.3892570854933246,-0.19070587889335597,0.2878959700183516,-0.8627058449246922,-0.7590335993322154,1,1
131,439,-0.21545441934241658,-0.5065582168601606,-0.6278964599428194,1.9063125456472891,0.13613246810902907,1,4
132,623,-0.21185511192325476,1.5819714006611505,-0.9784354070559882,-1.1028791857330915,-1.1156479924552756,1,4
133,179,1.2773722619632228,1.1197214932572144,0.42815027285831003,1.0518956573908143,0.021265142732312368,1,4
134,74,-1.4449717048764485,0.5401005161160578,-0.3073385642364594,1.2165714872932396,1.272010050107573,1,1
135,436,-0.7862315869701004,-0.7544689625547452,0.5867917966256377,-0.15212581435827743,0.2543097980427263,4,1
136,216,-0.9993986187807997,0.3754524776732949,-0.9784354070559882,-1.1028791857330915,-1.1156479924552756,1,4
137,542,-0.19497569733138062,0.9578868215263749,-0.9784354070559882,-1.1028791857330915,-1.1156479924552756,1,1
138,432,0.7943546781733373,0.30522620505112374,-0.9784354070559882,-1.1028791857330915,-1.1156479924552756,1,1
139,315,-0.24750274174956632,0.40290640518427856,-0.37793641248845733,0.3632543913978629,-0.8649085573800703,1,1
