,level_0,index,RNA Base,RNA 4,RNA 12,RNA EOT,RNA EF,predicted label,true label
3,3,662,-1.5261594882484553,-0.492650528685015,-0.9784354070559882,-1.1028791857330915,-1.1156479924552756,1,4
5,5,50,-0.39398786768947835,1.5440759175012164,-0.9784354070559882,-1.1028791857330915,-1.1156479924552756,1,4
6,6,493,-1.2299938759895457,-0.03188148257048052,-0.9784354070559882,-1.1028791857330915,-1.1156479924552756,1,4
7,7,36,0.1946326157429512,1.527567955586575,1.380146299580069,-0.11354555499214179,-0.39821297743765666,4,1
8,8,31,-1.1387436325571578,-0.3352719277193696,-0.6530203206362436,-0.07877841654579978,-0.5001829585508258,1,4
9,9,224,0.41528520408251096,-0.8881537828899642,-0.16271112061675264,0.2872279146157897,0.5235611584900774,4,1
13,13,691,0.22159120544514072,-0.052440908340643334,-0.9784354070559882,-1.1028791857330915,-1.1156479924552756,1,4
16,16,661,-1.4977717617768926,-0.977126842326965,-0.3034361202887298,0.4040989291544948,0.15971295563555019,1,4
17,17,345,-0.5414926116753758,-0.12384323838026283,0.7662107465098764,1.0733511222069785,-0.4990080763872559,4,1
19,19,257,-1.522980842919304,-1.5878863672365235,0.7735382610225081,-1.028877240217815,-0.7226084866135889,4,1
20,20,677,0.6101213977987174,-1.127724231486498,-0.6927691658762918,1.177408984912405,1.890615634410796,4,1
21,21,213,-1.4978274786100065,0.19889820656856697,0.6617060349755094,1.4292119639751848,-0.19527467756872088,4,1
24,24,362,1.0646843949173037,1.1110521158726299,0.7913613134065358,-0.5923738381588431,-0.9267179029981344,1,4
25,25,478,-0.40580540799294923,-0.6084813947860819,-0.5236988697456559,1.3878194327929538,0.25772147509463117,1,4
27,27,320,1.4794070705177529,1.5343167988399138,-0.9351146071332448,0.2887272855163872,0.15277286644497556,1,4
28,28,4,-1.290936948049595,1.431131247355814,0.8957825680557931,-0.8625992906474924,1.9202136273776527,4,1
32,32,202,-0.034059911614952976,-0.5810220725163027,-0.9784354070559882,-1.1028791857330915,-1.1156479924552756,1,4
36,36,665,-0.23521160836462676,1.5490310034550068,-0.22205564248055853,0.5943363690551775,-0.19926626440649034,1,4
37,37,77,-0.18833425082419658,-1.312351759128893,-0.9784354070559882,-1.1028791857330915,-1.1156479924552756,1,4
38,38,17,1.556652887946947,-0.7388942939117485,0.5680373654037858,0.3483139595304878,-0.05031229369440647,4,1
40,40,22,-0.019099941923854738,1.522464513765905,0.4787451748872149,1.6685747311748855,1.4648790073310414,1,4
41,41,250,-1.0108038545192273,-0.9344704845298836,0.37875381169958044,-0.5074044131117849,1.9256964108076453,1,4
43,43,435,1.4708517507931043,-0.48872044690239536,-0.9784354070559882,-1.1028791857330915,-1.1156479924552756,1,4
44,44,229,0.15787900677932754,0.878330313567154,-0.947048941703932,1.7701628179552162,-0.8501848738558452,1,4
46,46,80,-1.4085663261197872,0.05921441445260247,0.9781177926296194,-0.26422471948239046,0.145881730677883,4,1
47,47,360,-0.19894273584909455,1.2974545191587885,-0.5424332713150816,-0.4309821633001123,1.8897758949156804,1,4
52,52,308,-0.0693286669760896,-0.7275356292675403,0.8810774648994639,1.9596619889353002,-0.7710686102128863,4,1
54,54,151,0.17843016067341166,-0.8261653069487268,0.6071419234907871,-0.06913144894931587,1.6108053970831566,4,1
55,55,205,1.5606059972563824,-0.8820631002096929,1.5071443107892026,-0.2721554021139772,1.4858687290609724,4,1
56,56,279,-0.20043316113489298,-1.1210077567859331,-0.9784354070559882,-1.1028791857330915,-1.1156479924552756,1,4
58,58,348,-0.003006134678887416,-0.3130751926547317,-0.05616338453490007,1.2164078503675397,-0.4367694469017336,1,4
61,61,640,0.5008467588539635,1.2777501626577337,0.6774827245366472,1.7763924376615057,-0.3396533860092105,1,4
62,62,463,-0.05115662185597158,1.547315470157995,-0.9784354070559882,-1.1028791857330915,-1.1156479924552756,1,4
64,64,513,0.10968116029409651,-1.1946111484141715,-0.9784354070559882,-1.1028791857330915,-1.1156479924552756,1,4
67,67,60,0.5575442082307291,0.6034619581707842,1.6403381611488805,0.6199246176227348,1.3561948759049072,4,1
68,68,469,0.9792844189618816,1.477928082528545,0.5423560127178287,1.5099268289540502,-1.0106579616780582,1,4
69,69,431,-1.026368351849612,1.0195597040780677,-0.9784354070559882,-1.1028791857330915,-1.1156479924552756,1,4
70,70,386,1.64191635766124,-1.0657249660276693,1.14724483944213,-0.983359536303991,1.3159062083791566,4,1
72,72,420,-0.7778406319031381,0.8324586795278744,-0.9784354070559882,-1.1028791857330915,-1.1156479924552756,1,4
76,76,172,-1.3588975552403475,-0.8803340800156921,1.5859743461884215,-0.6675859358223176,1.9254817688739163,4,1
81,81,243,-0.35223367295387675,-0.6854726949379787,-0.9481772787906152,0.4492817481971194,-0.23309308003260645,1,4
82,82,529,-0.4923141489273391,1.643458164034394,1.6466374868369607,0.5835096933896955,0.1658396648667303,4,1
86,86,7,0.832952514313033,0.34802822133568734,-0.9784354070559882,-1.1028791857330915,-1.1156479924552756,1,4
88,88,275,-0.6698112641784812,0.39876592780862913,1.1540916422965297,0.2093062939035197,-0.2613166114940047,4,1
90,90,518,1.1257416864852365,-1.563208043125894,-0.8009860396603384,-0.09926347633746561,1.442424448544608,4,1
91,91,195,-1.5456743090466196,1.4724550997303738,-0.9784354070559882,-1.1028791857330915,-1.1156479924552756,4,1
93,93,558,-1.5825672100930281,-0.5053983437190992,1.2173119019048302,0.17054717557208435,1.6812832643055087,4,1
94,94,452,1.5129876058355365,-0.0985337274905439,1.1375605024940003,0.26706251765572336,1.6077025031639849,4,1
95,95,242,1.441143535376741,0.36114827472667027,-0.7586500309818894,0.46359427093099553,1.6008000704530119,4,1
96,96,14,-0.4874333543465562,-0.9296745439605646,1.58205521086367,0.33224709673271463,0.07107713394930715,4,1
98,98,612,1.4096663105090093,1.3188420404040813,-0.9784354070559882,-1.1028791857330915,-1.1156479924552756,1,4
101,101,298,-0.9544017043579657,0.30500232256110493,1.30330921459727,1.5086481776276524,-0.3969816105546844,4,1
102,102,344,-1.1328153615138323,1.3009206516849836,-0.9784354070559882,-1.1028791857330915,-1.1156479924552756,1,4
103,103,544,-0.0522403142600381,1.0694288543849124,-0.9784354070559882,-1.1028791857330915,-1.1156479924552756,1,4
104,104,69,-1.1618354740412384,-0.9678883178894411,-0.9784354070559882,-1.1028791857330915,-1.1156479924552756,1,4
106,106,18,-1.543116906406689,-0.030845688881718708,1.6580510504445634,-0.10227363466836059,-0.6676639172268962,4,1
110,110,63,-0.24257737370229226,0.2683880946151341,1.0455943533785146,1.5410901495250984,1.5591896604932454,4,1
111,111,217,-1.2295314262746997,1.1963270681552234,-0.9784354070559882,-1.1028791857330915,-1.1156479924552756,1,4
112,112,46,0.22837751571842102,-0.9588520969067534,1.3914196556206875,1.0018722297553977,1.0055302065588996,4,1
113,113,509,-0.4445369645321185,-1.450991665417902,-0.38223611120930906,0.9592961849942687,1.0617475649561263,4,1
115,115,607,-0.8840675600765584,-1.3474365729563014,-0.9286850887043935,-0.32722493587678536,0.25647504561981826,1,4
116,116,552,0.963959504013887,1.3491794664913315,0.4291884765090747,0.5636639592612286,-0.2898413947922157,1,4
119,119,634,0.2700759936209086,1.4252374733715834,0.7269426129280602,0.273269304302613,0.7456854347160278,1,4
121,121,100,0.22948349485573313,-1.4757751873250466,0.056439983130512364,0.4322520913946478,-0.20174406076427553,4,1
122,122,111,0.8079300845615536,-0.870550684939809,-0.9784354070559882,-1.1028791857330915,-1.1156479924552756,1,4
123,123,605,-0.24003111442898428,1.1095712545832281,1.037769435830629,0.2874524396998894,1.8404647348773868,4,1
124,124,16,0.00824309392682109,-0.4750690097700424,0.10098593012666615,1.6243394840973595,1.4395060713754841,4,1
127,127,453,-1.0875900080752312,-1.0527128078125991,-0.9784354070559882,-1.1028791857330915,-1.1156479924552756,1,4
129,129,411,-0.30111905025512997,-0.8060914094701711,-0.9784354070559882,-1.1028791857330915,-1.1156479924552756,1,4
131,131,439,-0.21545441934241658,-0.5065582168601606,-0.6278964599428194,1.9063125456472891,0.13613246810902907,1,4
132,132,623,-0.21185511192325476,1.5819714006611505,-0.9784354070559882,-1.1028791857330915,-1.1156479924552756,1,4
133,133,179,1.2773722619632228,1.1197214932572144,0.42815027285831003,1.0518956573908143,0.021265142732312368,1,4
135,135,436,-0.7862315869701004,-0.7544689625547452,0.5867917966256377,-0.15212581435827743,0.2543097980427263,4,1
136,136,216,-0.9993986187807997,0.3754524776732949,-0.9784354070559882,-1.1028791857330915,-1.1156479924552756,1,4
